{"metadata":{"asset_id":"f8110814-b776-46ab-b9f8-d7d873f30f65","asset_attributes":["data_asset","directory_asset"],"name":"NDA Standards.txt","asset_type":"data_asset","created_at":"2024-05-30T16:59:00Z","origin_country":"us","owner_id":"IBMid-694000AR0R","project_id":"392b539b-b7c9-4bbc-a89e-abe78635c0b8","size":1051,"usage":{"last_update_time":1717088821535,"last_updated_at":"2024-05-30T17:07:01Z"}},"entity":{"data_asset":{"mime_type":"text/plain","dataset":false},"directory_asset":{"path":""},"location_definition":{"physical_location_code_assignment_method":"INFERRED","physical_location_code":"DAL","physical_location_code_assigned_by":"IBMid-694000AR0R","physical_location_code_added_on":"1717088341268","physical_location_code_rds_version":"2024bf63-5e28-41bb-95e7-75131b0305d1_0","physical_location_code_rds_id":"c57cb90f-2126-3800-9c9f-9eab82021cdf"}},"attachments":[{"id":"d687729e-527f-4bc9-aee6-da20e8e11590","version":2,"asset_type":"data_asset","name":"NDA Standards.txt","mime":"text/plain","datasource_type":"193a97c1-4475-4a19-b90c-295c4fdc6517","object_key":"NDA Standards.txt","creator_id":"IBMid-694000AR0R","create_time":1717088341270,"size":1051,"is_remote":false,"is_managed":false,"is_referenced":true,"is_object_key_read_only":true,"is_user_provided_path_key":true,"transfer_complete":true,"is_partitioned":false,"complete_time_ticks":1717088341270,"user_data":{},"test_doc":0,"handle":{"bucket":"finalprojectwatsonx-donotdelete-pr-elcnzgehney5li","location":"us-south","type":"bluemix_cos","key":"NDA Standards.txt","upload_id":"done","max_part_num":1},"usage":{"access_count":1,"last_accessor_id":"IBMid-694000AR0R","last_access_time":1717088821534,"last_updater_id":"IBMid-694000AR0R","last_update_time":1717088821534}}]}
