{"metadata":{"asset_id":"69cd1305-76e6-4897-83db-ecd4a4388c38","asset_attributes":["notebook"],"name":"Project copy","asset_type":"notebook","created_at":"2024-06-02T16:25:56Z","description":"","origin_country":"us","owner_id":"IBMid-694000AR0R","project_id":"392b539b-b7c9-4bbc-a89e-abe78635c0b8","size":29452,"tags":["notebook"],"usage":{"last_update_time":1717350073518,"last_updated_at":"2024-06-02T17:41:13Z"}},"entity":{"notebook":{"kernel":{"name":"python3","display_name":"Python 3.10","language":"python"},"originates_from":{"type":"notebook","guid":"d4c9f30f-6d5c-4468-b09c-6bfbf03ccee3"},"runtime":{"environment":"rt231pys2-392b539b-b7c9-4bbc-a89e-abe78635c0b8"}},"location_definition":{"physical_location_code":"DAL","physical_location_code_assigned_by":"IBMid-694000AR0R","physical_location_code_rds_id":"c57cb90f-2126-3800-9c9f-9eab82021cdf","physical_location_code_rds_version":"2024bf63-5e28-41bb-95e7-75131b0305d1_0","physical_location_code_assignment_method":"INFERRED","physical_location_code_added_on":"1717345557745"}},"attachments":[{"id":"f080246a-564a-4040-a610-0c4d3128fd6b","version":2,"asset_type":"notebook","name":"attachment for notebook 69cd1305-76e6-4897-83db-ecd4a4388c38","description":"attachment for notebook 69cd1305-76e6-4897-83db-ecd4a4388c38","mime":"application/json","datasource_type":"193a97c1-4475-4a19-b90c-295c4fdc6517","object_key":"notebook/Project_copy_6pAHCFdmS.ipynb","creator_id":"IBMid-694000AR0R","create_time":1717345557746,"size":29452,"is_remote":false,"is_managed":false,"is_referenced":true,"is_object_key_read_only":false,"is_user_provided_path_key":true,"transfer_complete":true,"is_partitioned":false,"complete_time_ticks":1717345557746,"user_data":{},"test_doc":0,"handle":{"bucket":"finalprojectwatsonx-donotdelete-pr-elcnzgehney5li","location":"us-south","type":"bluemix_cos","key":"notebook/Project_copy_6pAHCFdmS.ipynb","upload_id":"done","max_part_num":1},"usage":{"access_count":18,"last_accessor_id":"IBMid-694000AR0R","last_access_time":1717349767205,"last_updater_id":"IBMid-694000AR0R","last_update_time":1717349767205}}]}
